<?xml version="1.0" encoding="UTF-8" standalone="no"?>
<registration_data version="1.0">
   <environment>
      <hostname>linpickard</hostname>
      <hostId>007f0101</hostId>
      <osName>Linux</osName>
      <osVersion>2.6.32-25-generic</osVersion>
      <osArchitecture>amd64</osArchitecture>
      <systemModel>unknown</systemModel>
      <systemManufacturer/>
      <cpuManufacturer>GenuineIntel</cpuManufacturer>
      <serialNumber/>
   </environment>
   <registry urn="urn:st:384cb2b6-73c4-4d0c-afa6-d7001efa0a45" version="1.0">
      <service_tag>
         <instance_urn>urn:st:2fa3b02f-81ce-482c-a530-60716de45912</instance_urn>
         <product_name>Java SE 6 Development Kit</product_name>
         <product_version>1.6.0_23</product_version>
         <product_urn>urn:uuid:b58ef9a8-5ae8-11db-a023-080020a9ed93</product_urn>
         <product_parent_urn>urn:uuid:fdc90b21-018d-4cab-b866-612c7c119ed3</product_parent_urn>
         <product_parent>Java Platform Standard Edition 6 (Java SE 6)</product_parent>
         <product_defined_inst_id>id=1.6.0_23-b05 amd64,dir=/buffer/linpickard1/software/jdk1.6.0_23/jre</product_defined_inst_id>
         <product_vendor>Sun Microsystems</product_vendor>
         <platform_arch>amd64</platform_arch>
         <timestamp>2011-02-01 12:26:05 GMT</timestamp>
         <container>global</container>
         <source>jdk-6u23-fcs-bin-b05-linux-amd64-12_nov_2010.bin</source>
         <installer_uid>-1</installer_uid>
      </service_tag>
   </registry>
</registration_data>
