<?xml version="1.0" encoding="UTF-8" standalone="no"?>
<registration_data version="1.0">
   <environment>
      <hostname>fedoranew</hostname>
      <hostId>12aca818</hostId>
      <osName>Linux</osName>
      <osVersion>2.6.35.6-45.fc14.i686</osVersion>
      <osArchitecture>i386</osArchitecture>
      <systemModel>i386</systemModel>
      <systemManufacturer>vmware, inc.</systemManufacturer>
      <cpuManufacturer>GenuineIntel</cpuManufacturer>
      <serialNumber>vmware-56 4d 41 0a 74 e3 28 61-2b 0d 58 16 3f 38 06 9c</serialNumber>
   </environment>
   <registry urn="urn:st:374ebe51-37aa-44a4-960e-022d3fbb37d4" version="1.0">
      <service_tag>
         <instance_urn>urn:st:a49606ec-82dc-4cda-b423-1b7a26adeb1c</instance_urn>
         <product_name>Java SE 6 Runtime Environment</product_name>
         <product_version>1.6.0_22</product_version>
         <product_urn>urn:uuid:92d1de8c-1e59-42c6-a280-1c379526bcbc</product_urn>
         <product_parent_urn>urn:uuid:fdc90b21-018d-4cab-b866-612c7c119ed3</product_parent_urn>
         <product_parent>Java Platform Standard Edition 6 (Java SE 6)</product_parent>
         <product_defined_inst_id>id=1.6.0_22-b04 i386,dir=/root/jre1.6.0_22</product_defined_inst_id>
         <product_vendor>Sun Microsystems</product_vendor>
         <platform_arch>i386</platform_arch>
         <timestamp>2010-12-27 15:02:32 GMT</timestamp>
         <container>global</container>
         <source>jre-6u22-fcs-bin-b04-linux-i586-15_sep_2010.bin</source>
         <installer_uid>-1</installer_uid>
      </service_tag>
   </registry>
</registration_data>
